{
    "version": 1,
    "disable_existing_loggers": false,
    "handlers": {
        "console": {
            "class": "logging.StreamHandler",
            "formatter": "standard",
            "level": "DEBUG"
        },
        "file": {
            "class" : "logging.handlers.RotatingFileHandler",
            "formatter": "standard",
            "level": "DEBUG",
            "filename": "logs/qbtbot.log",
            "encoding": "utf8",
            "maxBytes": 524288,
            "backupCount": 25
        },
        "jobs_file": {
            "class" : "logging.handlers.RotatingFileHandler",
            "formatter": "standard",
            "level": "DEBUG",
            "filename": "logs/jobs.log",
            "encoding": "utf8",
            "maxBytes": 524288,
            "backupCount": 25
        }
    },
    "loggers": {
        "": {
            "handlers": [
                "console",
                "file"
            ],
            "propagate": false,
            "level": "DEBUG"
        },
        "jobs": {
            "handlers": [
                "console",
                "jobs_file"
            ],
            "propagate": false,
            "level": "DEBUG"
        },
        "telegram": {
            "level": "WARNING"
        },
        "JobQueue": {
            "level": "WARNING"
        },
        "urllib3.connectionpool": {
            "level": "WARNING"
        }
    },
    "formatters": {
        "short": {
            "format": "[%(name)s][%(levelname)s] >>> %(message)s"
        },
        "standard": {
            "format": "[%(asctime)s][%(name)s][%(levelname)s] >>> %(message)s"
        }
    }
}
